Website,Classification,Section,Relevant Sentences,
Github,No Sale,"Under the CCPA, a business that sells California residents' personal information to others: 1) must give notice to California residents before selling their personal information to others; and 2) must provide the right to opt out of the sale of their personal information.

GitHub does not sell personal information, including personal information of anyone under 16 years old. Thus, these notification and opt-out requirements do not apply to GitHub.","GitHub does not sell personal information, including personal information of anyone under 16 years old.",
Capital One,Unspecified,"In the past 12 months, we have not shared personal information relating to California residents in a manner that we consider a sale within the meaning of the CCPA.","In the past 12 months, we have not shared personal information relating to California residents in a manner that we consider a sale within the meaning of the CCPA.",Unspecified b/c their definition of sale could counter with what CCPA enforcers consider sale
Wordpress,Unspecified,"WordPress.org will not rent or sell potentially personally-identifying and personally-identifying information to anyone. Other than to project administrators, employees, contractors, and affiliated organizations, as described above, WordPress.org discloses potentially personally-identifying and personally-identifying information only when required to do so by law, if you give permission to have your information shared, or when WordPress.org believes in good faith that disclosure is reasonably necessary to protect the property or rights of WordPress.org, third parties, or the public at large... We will not sell or lease your personal information to third parties unless we have your permission or are required by law to do so.",WordPress.org will not rent or sell potentially personally-identifying and personally-identifying information to anyone... We will not sell or lease your personal information to third parties unless we have your permission or are required by law to do so.,Conflicting statements
Breitbart,Sale,Do Not Sell: Californian residents have the right to opt-out of having their personal information sold.,Do Not Sell: Californian residents have the right to opt-out of having their personal information sold.,No sale only if you opt out
Bank of America,No Sale,"In the past 12 months, we have not “sold” Personal Information subject to the CCPA, including Personal Information of minors under the age of 16. For purposes of this Notice, “sold” means the disclosure of Personal Information to a third-party for monetary or other valuable consideration.","In the past 12 months, we have not “sold” Personal Information subject to the CCPA, including Personal Information of minors under the age of 16",
UPS,Sale,"We have disclosed email addresses of certain customers of UPS for monetary or other valuable consideration within the twelve (12) months preceding the effective date of this Privacy Notice to customers who purchase shipping services from UPS and business partners who support UPS transportation operations, such as business partners at which UPS has located Access Point lockers. As is common practice among businesses that operate Internet Web sites, we may also have disclosed certain identifiers, information about the use of our websites and apps, and inferences drawn about you to our social media, advertising, and analytics partners for monetary or other valuable consideration. These disclosures may qualify as “sales” of personal information under California law.

We have disclosed personal information in all or substantially all of the categories identified in this Additional Notice for California Resident Consumers for various business purposes. For more information about the categories of personal information we have disclosed, the categories of entities with which we have disclosed this information and the purposes for which we have disclosed the information, please see “Information We Share.”

We do not disclose personal information of individuals we know to be under the age of 16 to business or third parties for monetary or other valuable consideration as a “sale” under California law, without affirmative authorization... You have the right to opt out of the disclosure of personal information about you for monetary or other valuable consideration. To opt-out, click Do Not Sell My Personal Information.","These disclosures may qualify as “sales” of personal information under California law... You have the right to opt out of the disclosure of personal information about you for monetary or other valuable consideration. To opt-out, click Do Not Sell My Personal Information.",
Canva,No Sale,"Canva does not ""sell"" (as defined in the CCPA) the personal information of Canva users.","Canva does not ""sell"" (as defined in the CCPA) the personal information of Canva users.","""We will not rent or sell your information to third parties outside Canva and its group companies (including any parent, subsidiaries and affiliates) without your consent, except as noted in this section:"" for non-CA residents

"
Salesforce,No Sale,"The California Consumer Privacy Act requires businesses to disclose whether they sell Personal Data. As a business covered by the CCPA, we do not sell Personal Data. We may share Personal Data with third parties or allow them to collect Personal Data from our sites or Services if those third parties are authorized service providers or business partners who have agreed to our contractual limitations as to their retention, use, and disclosure of such Personal Data, or if you use Salesforce sites or Services to interact with third parties or direct us to disclose your Personal Data to third parties.","As a business covered by the CCPA, we do not sell Personal Data. ",
Okta,Unspecified,"Right to Opt-Out of the Sale of Personal Data. You have the right to opt-out of the sale of your Personal Data by us as a business, in the event we sell Personal Data.","Advertising and Marketing. We share your Personal Data, such as metadata and contact data, with third-party advertising and marketing providers, to allow us to better reach our customers and prospective customers, and to sell our products and services. Partners and Resellers. We share your Personal Data, such as contact information, business details, and content interest and activity details, with our partners and resellers for business purposes, such as to carry out our business or for joint marketing efforts to reach our customers and prospective customers. You have the right to opt-out of the sale of your Personal Data by us as a business, in the event we sell Personal Data.",
Wells Fargo,No Sale ,California residents have the right to opt out of the sale of their information by businesses that sell Personal Data. The CCPA defines a “sale” as the disclosure of Personal Data for monetary or other valuable consideration. Wells Fargo does not offer an opt out from the sale of Personal Data because we do not and have not within at least the last 12 months sold Personal Data that is subject to the CCPA’s sale limitation. The CCPA also requires that we state that we have no actual knowledge that we have sold Personal Data of California residents 15 years of age and younger.,Wells Fargo does not offer an opt out from the sale of Personal Data because we do not and have not within at least the last 12 months sold Personal Data that is subject to the CCPA’s sale limitation.,
Indeed,Sale,"To learn more about Indeed’s approach to California’s “Do not sell my personal information” requirement, why it applies to your use of our Site, and how you can exercise this right, please go to https://www.indeed.com/legal/ccpa-dns. There, we explain how California has defined as “sales” under the CCPA certain transfers of Personal Data between Indeed and its affiliates that are integral to the products and services we offer to our users. We do not “sell” your Personal Data in the traditional sense. More information on Indeed’s affiliates and our inter-affiliate transfers can be found in our Privacy Center at https://hrtechprivacy.com/.","We do not “sell” your Personal Data in the traditional sense. What Indeed does that may fall under this definition 
This list is not meant to be exclusive but shows examples of what our products do.  We say “may” fall under the definition of “selling” data because the CCPA is new and these issues are not yet resolved.

We display your public resume to employers and recruiters.
We recommend your public resume to employers and recruiters.
We allow third-party cookies to help employers measure job listing performance and to optimize our online advertising.
We share data with our affiliates as described in our Privacy Center (https://hrtechprivacy.com).
What Indeed does not do 
We don’t sell data to data brokers.
We don’t exchange information about you with a third party for money. 
Reasons Indeed “sells” or “transfers” your data 
Each reason below is inherent in our mission to help you find jobs. For example, when we show a public resume to an employer, it is because a person looking for a job has made their resume public in order to show themself to an employer.

Showing public resumes to employers is how we help people who have made their resume public get jobs.
Allowing employers to measure job listing performance helps drive more jobs to the people who want those jobs.
Sharing data with our Indeed affiliates allows people looking for jobs to access more job listings and employers, and for employers to access more people looking for jobs, as well as providing improved security for our users.",
Fidelity,No Sale ,"We do not share personal information about you with unaffiliated third parties for their use in marketing their products and services (except in those circumstances where you have directed or authorized us to share your information with a particular third party). In addition, we do not sell personal information about you and have not done so at any time during the 12-month period preceding the date of this Supplement. As required by the CCPA, we disclose that we do not sell personal information of minors under 16 years of age.",Fidelity does not share or sell personal information about our customers with unaffiliated third parties for use in marketing their products and services.,
Craigslist,No Sale ,"Below is a list of all the types of data we have collected in the last 12 months, where we got it, why we collected it and the categories of third parties to whom we disclosed it. We do not sell your data to third parties. Please note that disclosure to ""Payment processors"" applies when you pay for a craigslist post using a credit card.",We do not sell your data to third parties.,
Aliexpress,Unspecified,"During the preceding 12 months, we have collected, used, and/or disclosed the categories of personal information described in Section A of our Privacy Policy. For example, depending on the services you use, this may include your identifiers (e.g., IP addresses and email addresses), commercial information, and internet or other electronic network activity information. This may also include inferences we draw from the other information we collect.

We share personal information in the ways described in our Privacy Policy, including by allowing third parties that provide us analytics and advertising services to collect information through cookies and other similar technologies.  We do not treat this as a sale of personal information for purposes of state law, although you do have the choices that we describe to you in this Privacy Policy.","During the preceding 12 months, we have collected, used, and/or disclosed the categories of personal information described in Section A of our Privacy Policy. For example, depending on the services you use, this may include your identifiers (e.g., IP addresses and email addresses), commercial information, and internet or other electronic network activity information. This may also include inferences we draw from the other information we collect.

We share personal information in the ways described in our Privacy Policy, including by allowing third parties that provide us analytics and advertising services to collect information through cookies and other similar technologies.  We do not treat this as a sale of personal information for purposes of state law, although you do have the choices that we describe to you in this Privacy Policy.",
Hulu,Sale,"Right to Opt Out of “Sale”. Hulu may disclose certain information about you if you are a registered user of the Hulu services for purposes that may be considered a “sale” under the CCPA. For example, we may disclose information to advertising partners, advertising technology companies, and companies that perform advertising-related services in order to provide you with more relevant advertising tailored to your interests on the Hulu services. This information may include identifiers such as your IP address, advertising identifiers, your email address (in a de-identified or hashed form), age and gender, your internet or other electronic network information such as your interaction with an ad, and geolocation data. We may also disclose to our content programmers information about you, which may help personalize your experience and the content and ads you see on Hulu as well as other platforms and services, as further described in our Privacy Policy. To learn more, including about your opt-out choices, please click here.","Right to Opt Out of “Sale”. Hulu may disclose certain information about you if you are a registered user of the Hulu services for purposes that may be considered a “sale” under the CCPA. For example, we may disclose information to advertising partners, advertising technology companies, and companies that perform advertising-related services in order to provide you with more relevant advertising tailored to your interests on the Hulu services. This information may include identifiers such as your IP address, advertising identifiers, your email address (in a de-identified or hashed form), age and gender, your internet or other electronic network information such as your interaction with an ad, and geolocation data. We may also disclose to our content programmers information about you, which may help personalize your experience and the content and ads you see on Hulu as well as other platforms and services, as further described in our Privacy Policy. To learn more, including about your opt-out choices, please click here.",
IMDB,No Sale ,"No sale of personal information. In the twelve months prior to the effective date of this Disclosure, IMDb has not sold any personal information of consumers, as those terms are defined under the California Consumer Privacy Act.","No sale of personal information. In the twelve months prior to the effective date of this Disclosure, IMDb has not sold any personal information of consumers, as those terms are defined under the California Consumer Privacy Act. Information about our users is an important part of our business, and we are not in the business of selling our users' personal information to others.",
Amazon AWS,No Sale ,"Information about our customers is an important part of our business and we are not in the business of selling our customers’ personal information to others. In the preceding twelve months, we have not sold any personal information of consumers, as those terms are defined under the California Consumer Privacy Act.","Information about our customers is an important part of our business and we are not in the business of selling our customers’ personal information to others. In the preceding twelve months, we have not sold any personal information of consumers, as those terms are defined under the California Consumer Privacy Act.",
Google,Unspecified,"We do not sell your Personal Data. However, we may connect you with advertisers based on your viewing activity","We do not sell your Personal Data. However, we may connect you with advertisers based on your viewing activity",
Youtube,Unspecified,"We do not sell your Personal Data. However, we may connect you with advertisers based on your viewing activity","We do not sell your Personal Data. However, we may connect you with advertisers based on your viewing activity",
Amazon,Sale,"We share personal information in the ways described in our Privacy Policy, including by allowing third parties that provide us analytics and advertising services to collect information through cookies and other similar technologies","We share personal information in the ways described in our Privacy Policy, including by allowing third parties that provide us analytics and advertising services to collect information through cookies and other similar technologies",
Ameritrade,Unspecified,"In accordance with California law, we will not share information we collect about you with nonaffiliates, except as allowed by law. For example, we may share information with your consent or to service your accounts. Among our affiliates, we will limit information sharing to the extent required by California law. We do not sell personal information.

Because we are a financial institution subject to other federal privacy laws, the California Consumer Protection Act does not apply to our clients' personal information.","We do not sell personal information... Because we are a financial institution subject to other federal privacy laws, the California Consumer Protection Act does not apply to our clients' personal information",Conflicting statements. Unclear what parts of CCPA don't apply
Cnbc,Sale,"We may work with advertisers and third-party advertising networks, who may receive information about how you interact with advertising provided in the online service. We may also work with consumer data resellers that buy and/or sell information to other companies for multiple purposes including offering products and services that may interest you. These third parties may view, edit or set their own tracking technologies/cookies. The use of these technologies by these third parties is subject to their own privacy policies and is not covered by this Privacy Policy. They might also obtain information about other applications that you have downloaded to your mobile device, the mobile websites you visit and other information about you or your device in order to analyze and serve anonymous targeted advertising on the online services and elsewhere. For information about your choices relating to these activities, see Cookies and Tracking Technologies.",We may also work with consumer data resellers that buy and/or sell information to other companies for multiple purposes including offering products and services that may interest you.,
ADP,Sale,Right to Opt-Out of Sale of Personal Data – We do not sell nor share Personal Data to third parties for direct marketing purposes without consent. ADP does not knowingly sell Personal Data of minor under 16 years of age.,Right to Opt-Out of Sale of Personal Data – We do not sell nor share Personal Data to third parties for direct marketing purposes without consent. ADP does not knowingly sell Personal Data of minor under 16 years of age.,No sale only if you opt out
Fedex,No Sale ,"We do not ""sell"" your Personal Information, as this term is defined under California law. Given the divergent practices of organizations that offer browsers and the lack of a standard in the marketplace, we do not respond to Do Not Track signals at this time.","We do not ""sell"" your Personal Information, as this term is defined under California law.",
Patch,Sale,"Patch does not “sell” Personal Information that on its own identifies you - such as your name or email address – without your permission. As discussed in the Privacy Policy, Patch does disclose or share other types of identifiers to our partners, advertisers and service providers, for use in providing their services, advertising purposes, or for improving and maintaining the quality and performance of the Patch Service. The CCPA includes a very broad definition of “sale,” and under that definition some of such disclosures or sharing may be deemed to be a sale. Depending on how you use the Service and the permissions you have given Patch, Patch may “sell” the following categories of information (as defined in the CCPA) to third parties: identifiers; contact information; internet or electronic network activity information; geolocation information; commercial information; inferences, including advertising and content related inferences; and professional or employment related information.","The CCPA includes a very broad definition of “sale,” and under that definition some of such disclosures or sharing may be deemed to be a sale. Depending on how you use the Service and the permissions you have given Patch, Patch may “sell” the following categories of information (as defined in the CCPA) to third parties: identifiers; contact information; internet or electronic network activity information; geolocation information; commercial information; inferences, including advertising and content related inferences; and professional or employment related information.",
Xfinity,Sale,"Residents of the State of California also have the right to request information regarding third parties to whom the company has disclosed certain categories of personal information during the preceding year for the third parties’ direct marketing purposes under California’s “Shine the Light” law (Cal. Civ. Code §1798.83). Personal information under this California law means “any information that when it was disclosed identified, described, or was able to be associated with an individual.” We do not disclose this type of personal information to third parties for their own purposes and we permit you to opt out of any disclosures of non-identifiable personal information.",we permit you to opt out of any disclosures of non-identifiable personal information,No sale only if you opt out
Healthline,Sale,"When we process information on our own behalf, you may object to our use of your Personal Information by contacting us at the address described below. For example, California residents may be entitled to object, or opt-out, of having their information sold to third parties. If you are a California resident and would like to opt-out of having your information sold, then please visit the following link: Do Not Sell My Personal Information. We do not discriminate against California consumers who exercise any of their rights described in this Policy.  ","If you are a California resident and would like to opt-out of having your information sold, then please visit the following link: Do Not Sell My Personal Information",No sale only if you opt out
Soundcloud,Sale,"For purposes of CCPA, the disclosure of personal information to our advertising partners to provide you with personalized ads may constitute a “sale” in some instances. The personal information disclosed is limited to the following:

IP address and device ID

Age and gender you provide

General location information

Inferred music preferences based on your use of the Platform

We do not otherwise “sell” personal information. We do not knowingly sell the personal information of individuals under the age of 16.","For purposes of CCPA, the disclosure of personal information to our advertising partners to provide you with personalized ads may constitute a “sale” in some instances.",
Wayfair,Unspecified,"This privacy policy describes the categories of personal information we collect from you, the methods and business purposes of collecting such personal information, the categories of third parties with whom we may share it, and the rights you have regarding the personal information. California residents have the right to request that Wayfair disclose what personal information it collects, uses, discloses or sells. Wayfair does not sell your personal information to third parties without your prior consent. California residents also have the right to request the deletion of their personal information collected or maintained by Wayfair. If you wish to make a request for information or to delete your account, or for any questions about our privacy practices and compliance with California law, please contact us here or via email at DataProtectionOfficer@wayfair.com. You can also designate an authorized agent to make a request on your behalf. Prior to responding to your request, we will verify your identity by matching any requested identifying information you provide against the information we have about you. We will not subject you to discriminatory treatment as a result of your choice to exercise your privacy rights.",Wayfair does not sell your personal information to third parties without your prior consent,Consent required for sale. But when do they ask + when they ask if it made clear?
Business Insider,Sale,"Insider does not generally sell information as the term “sell” is traditionally understood. However, to the extent “sale” under the CCPA is interpreted to include advertising technology activities such as those disclosed in the “Analytics and Advertising Technology” section as a “sale,” we will comply with applicable law as to such activity. Insider discloses the following categories of personal information for commercial purposes: identifiers, demographic information, commercial information, internet activity, geolocation data and inferences. Please review the “Information Sharing and Disclosure” section for more detail about the parties with whom we have shared personal information in the past 12 months... To the extent Insider sells your personal information as the term “sell” is defined under the California Consumer Privacy Act, you have the right to opt-out of the sale of your personal information by us to third parties at any time. You may submit a request to opt-out by clicking the “CA Do Not Sell My Info” link in the footer of our Websites, through our online form available at our privacy policy form or email us at privacy@insider-inc.com.","However, to the extent “sale” under the CCPA is interpreted to include advertising technology activities such as those disclosed in the “Analytics and Advertising Technology” section as a “sale,” we will comply with applicable law as to such activity. Insider discloses the following categories of personal information for commercial purposes: identifiers, demographic information, commercial information, internet activity, geolocation data and inferences.",
BBC,No Sale ,We'll never sell your personal information... The main rule is we will never sell your personal information to anyone.,We'll never sell your personal information... The main rule is we will never sell your personal information to anyone.,
Vimeo,Sale,"You have the right to opt out of the sale of your personal information, and to request information about whether we have sold your personal information in the past 12 months. When you use our services, we may share your personal information with advertising partners in a way that may constitute a sale under the CCPA. You may opt out via the link provided on the relevant page or app. If we do not provide an opt-out mechanism, it is because we do not believe in good faith that your personal information is being sold. "," When you use our services, we may share your personal information with advertising partners in a way that may constitute a sale under the CCPA.",
Pinterest,No Sale ,We do not sell the Personal Information of our users.,We do not sell the Personal Information of our users.,
Stack Exchange,No Sale ,"Stack Overflow will not sell your personal information to enhance our marketing opportunities or profitability (except as may relate to a corporate event such as a sale or merger), and as we are committed to preventing spam, our direct marketing efforts are limited in scope and frequency",Stack Overflow will not sell your personal information to enhance our marketing opportunities or profitability,
Investopedia,Unspecified,"We do not knowingly “sell” personal information that we collect from you, in accordance with the definition of “sell” in the CCPA, and will treat personal information we collect from you as subject to a do not sell request. There is not yet a consensus as to whether third-party cookies and tracking devices associated with our websites and mobile apps may constitute a “sale” of your PI as defined by the CCPA.","We do not knowingly “sell” personal information that we collect from you, in accordance with the definition of “sell” in the CCPA",Unspecified b/c their definition of sale could counter with what CCPA enforcers consider sale
Cnet,Unspecified,"California residents may be entitled to object, or opt-out, of having their Personal Information sold to third parties. If you are a California resident and would like to opt-out of having your information sold, please visit the following link: Do Not Sell My Personal Information. We do not discriminate against California consumers who exercise any of their rights described in this policy.  ","California residents may be entitled to object, or opt-out, of having their Personal Information sold to third parties.",Unspecified b/c there's also a chart detailing to whom they sell personal information but all of the chart entries say None
Yelp,Unspecified,"Yelp does not sell your personal information and will not do so in the future without providing you with notice and an opportunity to opt-out of such sale as required by law. Similarly, we do not offer financial incentives associated with our collection, use, or disclosure of your personal information.",Yelp does not sell your personal information and will not do so in the future without providing you with notice and an opportunity to opt-out of such sale as required by law.,Unspecified b/c the language is confusing. They say they don't sell but then also say they won't sell w/o notice & opporunity to opt out
Airbnb,No Sale ,"We do not sell personal information to third parties. We do allow third parties to collect personal information through the Airbnb Platform and share personal information with third parties for the business purposes described in the Privacy Policy, including without limitation advertising and marketing on the Airbnb Platform and elsewhere based on users’ online activities over time and across Airbnb, services, and devices.",We do not sell personal information to third parties,
Imgur,No Sale ,"We’re pleased to report that we don’t collect any “personal information” about anyone – and thus not about you either. All the information we collect, as described in our privacy policy, is de-identified so it doesn’t qualify as “personal information.” We haven’t disclosed or sold any personal information to any third parties. The only exceptions, also described in our privacy policy, are on occasion when we have an event such as a contest or Secret Santa, in which case disclosure to us of your personal information is always voluntary, and of course we make the necessary disclosures and explanations regarding what we collect and how we use it and protect it separately, as part of the particular event.

Our site is not directed at children under age 16, and we certainly would not sell or disclose the personal information of anyone we know is under age 16, even if we had it, without affirmative authorization as required by the CCPA and the regulations.",We haven’t disclosed or sold any personal information to any third parties.,
USPS,No Sale ,We do not sell or rent your personal information to outside parties.,We do not sell or rent your personal information to outside parties.,
Ca.gov,No Sale ,"Government Code § 11015.5 prohibits all state agencies from distributing or selling any electronically collected personal information, as defined above, about users to any third party without the permission of the user. The Department does not sell any “electronically collected personal information.” Any distribution of “electronically collected personal information” will be solely for the purposes for which it was provided to us.",The Department does not sell any “electronically collected personal information.”,
Spotify,No Sale ,"We do not sell personal information. We have taken substantial steps to identify and remediate any data sharing arrangements that could constitute a ""sale"" under the CCPA.

While we do not sell any personal information, we do provide Usage Data to advertising partners to enable us to provide you with interest-based advertising. If you prefer not to receive interest-based advertising, please opt out by going to your account privacy settings and using the tailored ads opt out toggle. For more information on interest-based advertising, please see our Privacy Policy and Cookies Policy.

We will continue to update our business practices as regulatory guidance becomes available and provides clarity on what constitutes a sale transaction, particularly in the advertising ecosystem.",We do not sell personal information. ,
Heavy,Unspecified,"We explicitly ask you when we need information that personally identifies you (“Personal Information”). For example, HEAVY asks you for your name and e-mail address if you wish to join our mailing list, and we also may request that you provide Personal Information as part of a contest, promotion, program, or service.  We use your Personal Information for various purposes consistent with US and International law. We may also collect certain non-personally identifiable information when you visit our sites, such as the type of browser you are using, the operating system you are using, and the domain name of your internet service provider. We may use this non-personally identifiable information to improve our site and to enable us to personalize your experience on HEAVY. We may also use this information in the aggregate to analyze the HEAVY site usage, as well as to offer you products, programs, or services. HEAVY does not knowingly collect personal information from children under the age of thirteen (13).",,
MSN,Sale,"`Additionally, we use third-party companies to collect non-personally identifiable information (e.g., the pages you visit, and which links you click, which ads you see and click on, and the categories of search terms you enter) when you visit one of our websites. Some of these third-party companies collect information when serving ads on our sites, while others collect information without showing ads on our sites. These companies may use the information outlined above (which does not include your name, address, email address or telephone number) about your visits to our sites in order to provide advertisements about goods and services of interest to you. These companies often use a cookie or third party web beacon to collect this information. If you would like more information about this practice and to know your choices about not having this information used by these companies, click here. In addition to collecting cookies, TEN may distribute, sell, and/or transfer such cookies to third parties with whom TEN has a commercial relationship. ","In addition to collecting cookies, TEN may distribute, sell, and/or transfer such cookies to third parties with whom TEN has a commercial relationship. ",
Home Depot,Sale,"Right to Opt-out of Sales: We do not share your information with third parties in exchange for money. We do share your information with third parties to enhance your experiences with us, to improve our ability to serve you, and to keep you aware of our products, services, and offers. California law may treat some such disclosures as sales, and consumers have a right to direct us not to sell their personal information.","We do share your information with third parties to enhance your experiences with us, to improve our ability to serve you, and to keep you aware of our products, services, and offers. California law may treat some such disclosures as sales, and consumers have a right to direct us not to sell their personal information.",
PayPal,No Sale ,"How and why we share personal data
 

We do not sell your personal data. However, we may share personal data across our services and with other members of the PayPal corporate family. Sometimes we share the personal data we collect with third parties to help us provide services, protect our customers from risk and fraud, market our products, and comply with legal obligations.",We do not sell your personal data.,
,,"During the 12-month period prior to the effective date of this Addendum, we may have:

a. Collected the following categories of personal information about you:

Identifiers: identifiers such as a real name, alias, postal address, unique personal identifier (such as customer number, unique pseudonym, or user alias), email address, account name, Social Security number, driver’s license number, passport number, and other similar identifiers, physical characteristics or description, state identification card number, and signature
Identifiers (Online): a device identifier; cookies, beacons, pixel tags, mobile ad identifiers and similar technology; other forms of persistent or probabilistic identifiers, and Internet Protocol address
Other Financial, Medical, and Health Information: bank account number, credit card number, debit card number, insurance policy number, and other financial information, medical information, and health insurance information
Information Related to Characteristics Protected Under California or Federal Law: characteristics of protected classifications under California or federal law, such as race, color, national origin, religion, age, sex, gender, gender identity, gender expression, sexual orientation, marital status, medical condition, ancestry, genetic information, disability, citizenship status, and military and veteran status
Commercial Information: including records of personal property, products or services purchased, obtained, or considered, and other purchasing or consuming histories or tendencies
Biometrics: biometric information
Internet and Other Electronic Network Activity Information: including, but not limited to, browsing history, search history, and information regarding your interaction with websites, applications or advertisements
Geolocation Data
Sensory Information: Audio, electronic, visual, thermal, and similar information
Professional or Employment-Related Information
Education Information
Profile Inferences: inferences drawn from any of the information identified above to create a profile about you reflecting your preferences, characteristics, psychological trends, predispositions, behavior, attitudes, intelligence, abilities, and aptitudes
b. Collected personal information about you for the following business or commercial purposes:

Performing services you have purchased from or contracted for with us, including maintaining or servicing accounts (e.g., your My Best Buy account), as well as providing customer service, processing or fulfilling orders and transactions, verifying customer information, processing payments, providing advertising or marketing services, providing analytics services, or providing similar services
Auditing related to a current interaction with you and concurrent transactions, including, but not limited to, counting ad impressions to unique visitors, verifying positioning and quality of ad impressions, and auditing compliance
Short-term, transient use, including, but not limited to, the contextual customization of ads shown as part of the same interaction
Detecting and responding to security incidents, protecting against and responding to malicious, deceptive, fraudulent, or illegal activity, and prosecuting those responsible for that activity
Debugging to identify and repair errors that impair existing intended functionality
Undertaking internal research for technological development and demonstration
Undertaking activities to verify or maintain the quality or safety of a service or device that is owned, manufactured, manufactured for, or controlled by us, and to improve, upgrade, or enhance the service or device that is owned, manufactured, manufactured for, or controlled by us
Customizing your experience on our digital properties
Processing liability claims
Complying with and enforcing applicable legal requirements, relevant industry standards and our policies
c. Shared your personal information with the following categories of third parties:

Our affiliates
Our joint marketing partners
Our business partners
Social media networks
Third-party marketing partners
Government entities, including law enforcement
d. Sold (as defined under California law) the following categories of personal information:

Identifiers (online) associated with a device used to interact with our digital properties or advertisements (such as a device identifier; cookies, beacons, pixel tags, mobile ad identifiers and similar technology)
Internet and other electronic network activity information associated with a device used to interact with Digital Properties or advertisements We do not sell the personal information of consumers under the age of 16 if we have actual knowledge of the individual’s age.

We do not sell personal information as the term is traditionally understood, versus the definition under the CCPA — for example, we do not exchange for money personal information to data brokers or third parties for their marketing purposes independent of us.","Sold (as defined under California law) the following categories of personal information:

Identifiers (online) associated with a device used to interact with our digital properties or advertisements (such as a device identifier; cookies, beacons, pixel tags, mobile ad identifiers and similar technology)
Internet and other electronic network activity information associated with a device used to interact with Digital Properties or advertisements We do not sell personal information as the term is traditionally understood, versus the definition under the CCPA",
Fox News,Sale,"This Section 8 provides details about the categories of Personal Information of California residents that we have collected, disclosed, or ""sold"" during the last 12 months, as well as rights California residents have under California law.

Categories of Personal Information Collected, Disclosed, and/or Sold:

The categories of Personal Information that we collected, disclosed, and/or ""sold"" are below, along with the categories of third parties to whom each category of Personal Information was disclosed, and/or sold. Please note that we disclose some categories of Personal Information in connection with certain types of advertisements, which could be considered a ""sale"" under the CCPA. Also, depending on the California resident’s interactions with us, Fox News may not have collected, disclosed, or sold each of these categories about each individual. Additionally, we do not knowingly ""sell"" Personal Information of minors under 16 years of age.

We have collected, disclosed, and/or ""sold"" to third parties the following categories of Personal Information: Categories of Third Parties to Whom Personal Information is ""Sold"" Advertising providers","Categories of Third Parties to Whom Personal Information is ""Sold"" We have collected, disclosed, and/or ""sold"" to third parties the following categories of Personal Information:",
Weather,Sale,"The CCPA defines the terms “sell” and “sale” broadly to include the sharing of Personal Information with third parties for something of value, even if no money is exchanged. We do not sell users’ Personal Information as the term “sell” is commonly understood. However, we do allow advertising vendors to use your Personal Information for certain purposes other than providing and improving advertising services for our apps and websites (described in Section 3.D of our Privacy Policy), which is considered a sale under CCPA. This is the only way that we sell Personal Information under the CCPA, and we do not engage in any other sales of Personal Information under the CCPA.

In the past twelve months, we have sold the following categories of Personal Information as defined by the CCPA to our Advertising Vendors:
 
Identifiers such as an online identifier or IP address;
Commercial information relating to your use of the Services;
Internet or other electronic network activity information relating to your use of the Services;
Geolocation data; and
Inferences.","However, we do allow advertising vendors to use your Personal Information for certain purposes other than providing and improving advertising services for our apps and websites (described in Section 3.D of our Privacy Policy), which is considered a sale under CCPA. In the past twelve months, we have sold the following categories of Personal Information as defined by the CCPA to our Advertising Vendors:
 
Identifiers such as an online identifier or IP address;
Commercial information relating to your use of the Services;
Internet or other electronic network activity information relating to your use of the Services;
Geolocation data; and
Inferences.",
Fandom,Sale,"Opt out of the sale of your personal information to third parties. Under the CCPA, some information we share may be considered a “sale.” ","Under the CCPA, some information we share may be considered a “sale.” ",
DuckDuckGo,No Sale,"However, in our case, we don't expect any because there is nothing useful to give them since we don't collect any personal information. DuckDuckGo does not collect or share personal information. That is our privacy policy in a nutshell. The rest of this page tries to explain why you should care. We don't collect or share personal information.",DuckDuckGo does not collect or share personal information. We don't collect or share personal information.,
IRS,No Sale,We do not sell the information collected at this site or any other information we collect.,We do not sell the information collected at this site or any other information we collect.,
Tiktok,No Sale,"We are committed to maintaining your trust, and while TikTok does not sell personal information to third parties, we want you to understand when and with whom we may share the information we collect for business purposes.","We are committed to maintaining your trust, and while TikTok does not sell personal information to third parties, we want you to understand when and with whom we may share the information we collect for business purposes.",
Target,Sale,"Business or Commercial purposes for which Target has collected or sold Personal Information about Guests in the preceding 12 months (for more information, see the How is Your Information Used section of this privacy policy). Categories of Personal Information Target has sold about Guests in the preceding 12 months

Categories of Personal Information sold

Internet or other electronic network activity (e.g. “cookies” or other tracking tags)
Categories of Third Parties to Whom Personal Information was Sold

Advertising Networks
Target does not knowingly sell the Personal Information of Minors Under the age of 16.","Business or Commercial purposes for which Target has collected or sold Personal Information about Guests in the preceding 12 months (for more information, see the How is Your Information Used section of this privacy policy).

Performing services, including maintaining or servicing accounts, providing customer service, processing or fulfilling orders and transactions, verifying customer information, processing payments, providing advertising or marketing services, providing analytics services, or providing similar services;
Auditing related to a current interaction with you and concurrent transactions, including, but not limited to, counting ad impressions to unique visitors, verifying positioning and quality of ad impressions, and auditing compliance;
Short-term, transient use, including, but not limited to, the contextual customization of ads shown as part of the same interaction;
Detecting security incidents, protecting against malicious, deceptive, fraudulent, or illegal activity, and prosecuting those responsible for that activity;
Debugging to identify and repair errors that impair existing intended functionality;
Undertaking internal research for technological development and demonstration; and
Undertaking activities to verify or maintain the quality or safety of a service or device that is owned, manufactured, manufactured for, or controlled by us, and to improve, upgrade, or enhance the service or device that is owned, manufactured, manufactured for, or controlled by us.
Categories of Personal Information Target has sold about Guests in the preceding 12 months

Categories of Personal Information sold

Internet or other electronic network activity (e.g. “cookies” or other tracking tags)
Categories of Third Parties to Whom Personal Information was Sold

Advertising Networks
Target does not knowingly sell the Personal Information of Minors Under the age of 16.

Categories of Personal Information Target has Disclosed for a Business Purpose and Categories of Third Parties to whom Personal Information has disclosed for a Business Purpose in the Preceding 12 Months",
Washington Post,Sale,"Sale of personal information. California law broadly defines “sale” in a way that may include the delivery of targeted advertising on the Services or other sites, including allowing third parties to receive certain information, such as cookies, IP address and/or browsing behavior. We may share the following categories of information for such advertising with advertising networks and providers, certain analytics providers, and social media networks, which may be considered a sale (as defined by California law):

device information and identifiers, such as IP address, and unique advertising identifiers and cookies; usage information, such as browsing history or app usage; location information, such as city; and inference data.","We may share the following categories of information for such advertising with advertising networks and providers, certain analytics providers, and social media networks, which may be considered a sale (as defined by California law):",
Realtor,Sale,"Categories of Personal Information Sold, Shared or Disclosed for a Business Purpose We may sell or disclose for a business purpose (each as defined under CCPA) any or all of the personal information collected from and about you as set forth in the Information We Collect and Obtain and Information We Share. Business or Commercial Purposes for Which We Collected or Sold the Personal Information

The business or commercial purposes, as defined under the CCPA, for which we collected or sold the personal information are:

performing services, including maintaining or servicing accounts, providing customer service, processing or fulfilling orders and transactions, verifying customer information, processing payments, providing advertising or marketing services, providing analytics services, or providing similar services;
auditing related to a current interaction with you and concurrent transactions, including, but not limited to, counting ad impressions to unique visitors, verifying positioning and quality of ad impressions, and auditing compliance;
short-term, transient use, including, but not limited to, the contextual customization of ads shown as part of the same interaction;
detecting security incidents, protecting against malicious, deceptive, fraudulent, or illegal activity, and prosecuting those responsible for that activity;
debugging to identify and repair errors that impair existing intended functionality;
undertaking internal research for technological development and demonstration; and
undertaking activities to verify or maintain the quality or safety of a service or device that is owned, manufactured, manufactured for, or controlled by us, and to improve, upgrade, or enhance the service or device that is owned, manufactured, manufactured for, or controlled by us.","The business or commercial purposes, as defined under the CCPA, for which we collected or sold the personal information are: We may sell or disclose for a business purpose (each as defined under CCPA) any or all of the personal information collected from and about you as set forth in the Information We Collect and Obtain and Information We Share.",
Medium,No Sale,Medium does not sell your personal information.,Medium does not sell your personal information.,
Tradingview,No Sale,"Separately, we do not sell your personal information.","Separately, we do not sell your personal information.",
Google,No Sale,"When Google shares your informationWe do not share your personal information with companies, organizations, or individuals outside of Google except in the following cases:With your consentWe’ll share personal information outside of Google when we have your consent. For example, if you use Google Home to make a reservation through a booking service, we’ll get your permission before sharing your name or phone number with the restaurant. We’ll ask for your explicit consent to share any sensitive personal information.With domain administratorsIf you’re a student or work for an organization that uses Google services, your domain administrator and resellers who manage your account will have access to your Google Account. They may be able to:Access and retain information stored in your account, like your emailView statistics regarding your account, like how many apps you installChange your account passwordSuspend or terminate your account accessReceive your account information in order to satisfy applicable law, regulation, legal process, or enforceable governmental requestRestrict your ability to delete or edit your information or your privacy settingsFor external processingWe provide personal information to our affiliates and other trusted businesses or persons to process it for us, based on our instructions and in compliance with our Privacy Policy and any other appropriate confidentiality and security measures. For example, we use service providers to help us with customer support.For legal reasonsWe will share personal information outside of Google if we have a good-faith belief that access, use, preservation, or disclosure of the information is reasonably necessary to:Meet any applicable law, regulation, legal process, or enforceable governmental request. We share information about the number and type of requests we receive from governments in our Transparency Report.Enforce applicable Terms of Service, including investigation of potential violations.Detect, prevent, or otherwise address fraud, security, or technical issues.Protect against harm to the rights, property or safety of Google, our users, or the public as required or permitted by law.We may share non-personally identifiable information publicly and with our partners — like publishers, advertisers, developers, or rights holders. For example, we share information publicly to show trends about the general use of our services. We also allow specific partners to collect information from your browser or device for advertising and measurement purposes using their own cookies or similar technologies.If Google is involved in a merger, acquisition, or sale of assets, we’ll continue to ensure the confidentiality of your personal information and give affected users notice before personal information is transferred or becomes subject to a different privacy policy.Keeping your information secureWe build security into our services to protect your informationAll Google products are built with strong security features that continuously protect your information. The insights we gain from maintaining our services help us detect and automatically block security threats from ever reaching you. And if we do detect something risky that we think you should know about, we’ll notify you and help guide you through steps to stay better protected.We work hard to protect you and Google from unauthorized access, alteration, disclosure, or destruction of information we hold, including:We use encryption to keep your data private while in transitWe offer a range of security features, like Safe Browsing, Security Checkup, and 2 Step Verification to help you protect your accountWe review our information collection, storage, and processing practices, including physical security measures, to prevent unauthorized access to our systemsWe restrict access to personal information to Google employees, contractors, and agents who need that information in order to process it. Anyone with this access is subject to strict contractual confidentiality obligations and may be disciplined or terminated if they fail to meet these obligations.",Google does not sell your personal information.,
Youtube,No Sale,"When Google shares your informationWe do not share your personal information with companies, organizations, or individuals outside of Google except in the following cases:With your consentWe’ll share personal information outside of Google when we have your consent. For example, if you use Google Home to make a reservation through a booking service, we’ll get your permission before sharing your name or phone number with the restaurant. We’ll ask for your explicit consent to share any sensitive personal information.With domain administratorsIf you’re a student or work for an organization that uses Google services, your domain administrator and resellers who manage your account will have access to your Google Account. They may be able to:Access and retain information stored in your account, like your emailView statistics regarding your account, like how many apps you installChange your account passwordSuspend or terminate your account accessReceive your account information in order to satisfy applicable law, regulation, legal process, or enforceable governmental requestRestrict your ability to delete or edit your information or your privacy settingsFor external processingWe provide personal information to our affiliates and other trusted businesses or persons to process it for us, based on our instructions and in compliance with our Privacy Policy and any other appropriate confidentiality and security measures. For example, we use service providers to help us with customer support.For legal reasonsWe will share personal information outside of Google if we have a good-faith belief that access, use, preservation, or disclosure of the information is reasonably necessary to:Meet any applicable law, regulation, legal process, or enforceable governmental request. We share information about the number and type of requests we receive from governments in our Transparency Report.Enforce applicable Terms of Service, including investigation of potential violations.Detect, prevent, or otherwise address fraud, security, or technical issues.Protect against harm to the rights, property or safety of Google, our users, or the public as required or permitted by law.We may share non-personally identifiable information publicly and with our partners — like publishers, advertisers, developers, or rights holders. For example, we share information publicly to show trends about the general use of our services. We also allow specific partners to collect information from your browser or device for advertising and measurement purposes using their own cookies or similar technologies.If Google is involved in a merger, acquisition, or sale of assets, we’ll continue to ensure the confidentiality of your personal information and give affected users notice before personal information is transferred or becomes subject to a different privacy policy.Keeping your information secureWe build security into our services to protect your informationAll Google products are built with strong security features that continuously protect your information. The insights we gain from maintaining our services help us detect and automatically block security threats from ever reaching you. And if we do detect something risky that we think you should know about, we’ll notify you and help guide you through steps to stay better protected.We work hard to protect you and Google from unauthorized access, alteration, disclosure, or destruction of information we hold, including:We use encryption to keep your data private while in transitWe offer a range of security features, like Safe Browsing, Security Checkup, and 2 Step Verification to help you protect your accountWe review our information collection, storage, and processing practices, including physical security measures, to prevent unauthorized access to our systemsWe restrict access to personal information to Google employees, contractors, and agents who need that information in order to process it. Anyone with this access is subject to strict contractual confidentiality obligations and may be disciplined or terminated if they fail to meet these obligations.",Google does not sell your personal information.,
Amazon,No Sale,"Information about our customers is an important part of our business, 
and we are not in the business of selling our customers' personal 
information to others. We share customers' personal information only as 
described below and with subsidiaries Amazon.com, Inc. controls that 
either are subject to this Privacy Notice or follow practices at least 
as protective as those described in this Privacy Notice. Transactions involving Third Parties: We make available to you services, products, applications, or skills provided by third parties for use on or through Amazon Services. For example, you can order products from third parties through our stores, download applications from third-party application providers from our App Store, and enable third-party skills through our Alexa services. We also offer services or sell product lines jointly with third-party businesses, such as co-branded credit cards. You can tell when a third party is involved in your transactions, and we share customers' personal information related to those transactions with that third party. Third-Party Service Providers: We employ other companies and individuals to perform functions on our behalf. Examples include fulfilling orders for products or services, delivering packages, sending postal mail and email, removing repetitive information from customer lists, analyzing data, providing marketing assistance, providing search results and links (including paid listings and links), processing payments, transmitting content, scoring, assessing and managing credit risk, and providing customer service. These third-party service providers have access to personal information needed to perform their functions, but may not use it for other purposes. Business Transfers: As we continue to develop our business, we might sell or buy other businesses or services. In such transactions, customer information generally is one of the transferred business assets but remains subject to the promises made in any pre-existing Privacy Notice (unless, of course, the customer consents otherwise). Also, in the unlikely event that Amazon.com, Inc. or substantially all of its assets are acquired, customer information will of course be one of the transferred assets. Protection of Amazon and Others: We release account and other personal information when we believe release is appropriate to comply with the law; enforce or apply our Conditions of Use and other agreements; or protect the rights, property, or safety of Amazon, our users, or others. This includes exchanging information with other companies and organizations for fraud protection and credit risk reduction.","Information about our customers is an important part of our business, and we are not in the business of selling our customers' personal information to others.",
Yahoo,Unspecified,"Yahoo shares information within its affiliated brands and companies. We also share information we have about you for the purposes described in this Privacy Policy, including to provide Services that you have requested (including when you connect with third-party apps and widgets). We do not sell, license or share information that individually identifies our customers with companies, organizations or individuals outside of Yahoo unless one of the following circumstances applies: With Your Consent. We will share information with companies, organizations or individuals outside of Yahoo when we have your consent. Within Yahoo. Information may also be shared within Yahoo, including with other Yahoo Services and affiliates. Yahoo affiliates may use the information in a manner consistent with their privacy policies. With Partners. We may share your information with nonaffiliated companies who are: Trusted Partners. We provide user information to trusted partners who work on behalf of or with Yahoo based on our directions and in compliance with appropriate confidentiality measures. Learn more. Advertising, Analytics and Business Partners (Limited to Non-Personally Identifiable Information). We may share aggregated or pseudonymous information (including demographic information) with partners, such as publishers, advertisers, measurement analytics, apps, or other companies. For example, we may tell an advertiser how its ads performed or report how many people installed an app after seeing a promotion. We do not share personally identifiable information (like phone number or email address) with these partners, such as publishers, advertisers, ad agencies, or analytics partners. When you use third-party apps, websites or other products integrated with our Services, they may collect information about your activities subject to their own terms and privacy policies. We allow other companies that show advertisements on our webpages or apps to collect information from your browsers or devices. Other companies' use of cookies and other data collection technologies are subject to their own privacy policies, not this one. Like many companies, we may allow cookie matching with select partners. But, these parties are not authorized to access Yahoo cookies.","We do not sell, license or share information that individually identifies our customers with companies, organizations or individuals outside of Yahoo unless one of the following circumstances applies:",
Zoom,Sale,"Zoom provides personal data to third parties only with consent or in one of the following circumstances (subject to your prior consent where required under applicable law): Resellers: If an account owner licensed or purchased Zoom Products from a third-party reseller of Zoom Products, the reseller may be able to access personal data and content for users, including meetings, webinars, and messages hosted by the account owner. Vendors: Zoom works with third-party service providers to provide, support, and improve Zoom Products and technical infrastructure, and for business services such as payment processing. Zoom may also work with third-party service providers to provide advertisements and business analytics regarding Zoom Products. These vendors can access personal data subject to contractual and technical requirements for protecting personal data and prohibiting them from using personal data for any purpose other than to provide services to Zoom or as required by law. For Legal Reasons: Zoom may share personal data as needed to: (1) comply with applicable law or respond to, investigate, or participate in valid legal process and proceedings, including from law enforcement or government agencies; (2) enforce or investigate potential violations of its Terms of Service or policies; (3) detect, prevent, or investigate potential fraud, abuse, or safety and security concerns, including threats to the public; (4) meet our corporate and social responsibility commitments; (5) protect our and our customers’ rights and property; and (6) resolve disputes and enforce agreements. Marketing, Advertising, and Analytics Partners: Zoom uses third-party marketing, advertising, and analytics providers: to provide statistics and analysis about how people are using Zoom Products and our website; to provide advertising and marketing for Zoom Products, including targeted advertising based on your use of our website; and to show you third-party advertising within Zoom Products. These third-party partners may receive information about your activities on Zoom’s website through third-party cookies placed on Zoom’s website. To opt out of our use of third-party cookies that share data with these partners, visit our cookie management tool, available here. Where required by law, Zoom will first obtain your consent before engaging in the marketing or advertising activities described. Corporate Affiliates: Zoom shares personal information with corporate affiliates, such as Zoom Voice Communications, Inc., to provide integrated and consistent experiences across Zoom Products (such as enabling a user to integrate a Zoom Phone call into a meeting) to detect, investigate, and prevent fraud, abuse, and threats to public safety. Change of Control: We may share personal data with actual or prospective acquirers, their representatives and other relevant participants in, or during negotiations of, any sale, merger, acquisition, restructuring, or change in control involving all or a portion of Zoom’s business or assets, including in connection with bankruptcy or similar proceedings.","Marketing, Advertising, and Analytics Partners: Zoom 
uses third-party marketing, advertising, and analytics providers: to 
provide statistics and analysis about how people are using Zoom Products
 and our website; to provide advertising and marketing for Zoom 
Products, including targeted advertising based on your use of our 
website; and to show you third-party advertising within Zoom Products. 
These third-party partners may receive information about your activities
 on Zoom’s website through third-party cookies placed on Zoom’s website.
 To opt out of our use of third-party cookies that share data with these
 partners, visit our cookie management tool, available here.
 Where required by law, Zoom will first obtain your consent before 
engaging in the marketing or advertising activities described.",
Facebook,No Sale,"We work with third-party partners who help us and improve our Products 
or who use Facebook Business Tools to grow their businesses, which makes
 it possible to operate our companies and provide free services to 
people around the world. We don't sell any of your information to 
anyone, and we never will. We also impose strict restrictions on how our
 partners can use and disclose the data we provide. Here are the types 
of third parties we share information with: ","We don't sell any of your information to anyone, and we never will",
Reddit,Unspecified,"We will not share, sell, or give away any of our users’ personal information to third parties, unless one of the following circumstances applies: Except as it relates to advertisers and our ad partners, we may share information with vendors, consultants, and other service providers who need access to such information to carry out work for us; If you participate in contests, sweepstakes, promotions, special offers, or other events or activities in connection with our Services, we may share information with entities that partner with us to provide these offerings; We may share information (and will attempt to provide you with prior notice, to the extent legally permissible) in response to a request for information if we believe disclosure is in accordance with, or required by, any applicable law, regulation, legal process or governmental request, including, but not limited to, meeting national security or law enforcement requirements;","We will not share, sell, or give away any of our users’ personal information to third parties, unless one of the following circumstances applies",
Wikipedia,No Sale,"We are committed to: Describing how your information may be used or shared in this Privacy Policy. Using reasonable measures to keep your information secure. Never selling your information or sharing it with third parties for marketing purposes. Only sharing your information in limited circumstances, such as to improve the Wikimedia Sites, to comply with the law, or to protect you and others. Retaining your data for the shortest possible time that is consistent with maintaining, understanding, and improving the Wikimedia Sites, and our obligations under applicable law.",Never selling your information or sharing it with third parties for marketing purposes.,
MyShopify,Unspecified,"Where we send your information We are a Canadian company, but we work with and process data about 
individuals across the world. To operate our business, we may send your 
personal information outside of your state, province, or country, 
including to the United States. This data may be subject to the laws of 
the countries where we send it. When we send your information across 
borders, we take steps to protect your information, and we try to only 
send your information to countries that have strong data protection 
laws. Transfers outside of Europe and Switzerland. If you are in Europe or Switzerland, your personal information is controlled by our Irish affiliate, Shopify International Ltd. Your information is then sent to other Shopify locations and to service providers who may be located in other regions, including Canada (where we are based) and the United States. When we send your personal information outside of Europe, we do so in accordance with European law. If you are in Europe or Switzerland, when we send your personal information to Canada it is protected under Canadian law, which the European Commission has found will adequately protect your information. If we then send this personal information outside of Canada (for example, when we send this information to our Subprocessors), this information is protected by contractual commitments that are comparable to those provided in Standard Contractual Clauses. Finally, while we do what we can to protect your information, we may at times be legally required to disclose your personal information (for example, if we receive a valid court order). For information about how we respond to such orders, please review our Guidelines for Legal Requests.","To operate our business, we may send your personal information outside of your state, province, or country, including to the United States.",
Ebay,Unspecified,"We process your personal data for various purposes and based on several different legal bases that allow this processing. For example, we process your personal data to provide and improve our Services, to provide you with a personalized user experience on this website, to contact you about your eBay account and our Services, to provide customer service, to provide you with personalized advertising and marketing communications, and to detect, prevent, mitigate and investigate fraudulent or illegal activity. We also share your information with third parties, including service providers acting on our behalf, for these purposes. In addition, we may share your personal data among eBay group companies in order to fulfil our contract with you under the User Agreement and, if applicable, the Payments Terms of Use.","We also share your information with third parties, including service providers acting on our behalf, for these purposes. In addition, we may share your personal data among eBay group companies in order to fulfil our contract with you under the User Agreement and, if applicable, the Payments Terms of Use.",
Office,Unspecified,We share your personal data with your consent or to complete any transaction or provide any product you have requested or authorized.,We share your personal data with your consent or to complete any transaction or provide any product you have requested or authorized. We also share data with Microsoft-controlled affiliates and subsidiaries; with vendors working on our behalf; when required by law or to respond to legal process; to protect our customers; to protect lives; to maintain the security of our products; and to protect the rights and property of Microsoft and its customers.,
Live,Unspecified,We share your personal data with your consent or to complete any transaction or provide any product you have requested or authorized.,We share your personal data with your consent or to complete any transaction or provide any product you have requested or authorized. We also share data with Microsoft-controlled affiliates and subsidiaries; with vendors working on our behalf; when required by law or to respond to legal process; to protect our customers; to protect lives; to maintain the security of our products; and to protect the rights and property of Microsoft and its customers.,
Netflix,No Sale,"You have the right to request that we disclose: what categories and specific pieces of CCPA personal information have been collected about you; the categories of sources from which CCPA personal information are collected; our business or commercial purpose for collecting, using, or disclosing CCPA personal information; the categories of third parties with whom we share CCPA personal information; the categories of CCPA personal information we have disclosed about you for a business purpose. We do not sell personal information.",We do not sell personal information.,
Bing,No Sale,"Sharing or Disclosing Personal Information In addition to any sharing described in the privacy statement for the product or service you are using, Microsoft may share or disclose personal With other Microsoft controlled subsidiaries and affiliates. information: As part of a corporate transaction such as a merger or sale of assets. With vendors or agents.  Specifically, we may share it with companies 
we’ve hired to provide services on our behalf.  When we share 
information with these other companies to provide services for us, they 
are not allowed to use it for any other purpose and must keep it 
confidential.","In addition to any sharing described in the privacy statement for the product or service you are using, Microsoft may share or disclose personal information",
Microsoft,Unspecified,We share your personal data with your consent or to complete any transaction or provide any product you have requested or authorized.,We share your personal data with your consent or to complete any transaction or provide any product you have requested or authorized. We also share data with Microsoft-controlled affiliates and subsidiaries; with vendors working on our behalf; when required by law or to respond to legal process; to protect our customers; to protect lives; to maintain the security of our products; and to protect the rights and property of Microsoft and its customers.,
Instructure,No Sale,"DISCLOSURE OF YOUR PERSONAL INFORMATION. We will share your personal information with third parties only in the 
ways that are described in this privacy policy or with your consent. AFFILIATES. Although we currently do not have a parent company, any subsidiaries, joint ventures, or other companies under a common control (collectively, “AFFILIATES”), we may in the future. We may share some or all of your information with these Affiliates, in which case we will require our Affiliates to honor this Privacy Policy. THIRD PARTY SERVICE PROVIDERS. We may share your personal information with third party service providers for the sole purpose of providing you with the Services that we offer you through our Site. For example, we may share data with service providers who host our websites or provide email services on our behalf. OTHER DISCLOSURES. Instructure may disclose information about you if it believes such disclosure is necessary to (a) comply with laws or to respond to lawful requests and legal process; or (b) protect or defend the rights, safety, or property of Instructure, users of the Services, or any person including to enforce our agreements, policies, and terms of use or (c) in an emergency to protect the personal safety of any person. We may also share information about you in connection with or during negotiation of any merger, financing, acquisition, bankruptcy, dissolution, transaction or proceeding involving sale, transfer, divestiture or disclosure of all or a portion of our business or assets to another company. In the event that information is shared in this manner, notice will be posted on our Site. We may also use de-identified and/or aggregated data for our own use. We do not use information collected through the Products for advertising or marketing purposes.",We will share your personal information with third parties only in the ways that are described in this privacy policy or with your consent.,
Instagram,No Sale,"3. SHARING OF YOUR INFORMATION We will not rent or sell your information to third parties outside 
Instagram (or the group of companies of which Instagram is a part) 
without your consent, except as noted in this Policy. Parties with whom we may share your information: We may share your information as well as information from tools like cookies, log files, and device identifiers and location data (such as usage data, referring/exit pages and URLs, platform types, number of clicks, etc.), with organizations that help us provide the Service to you (""Service Providers""). Our Service Providers will be given access to your information as is reasonably necessary to provide the Service under reasonable confidentiality terms. Parties with whom you may choose to share your User Content: Any information or content that you voluntarily disclose for posting to the Service, such as User Content, becomes available to the public, as controlled by any applicable privacy settings that you set. To change your privacy settings on the Service, please change your profile setting. Once you have shared User Content or made it public, that User Content may be re-shared by others.","We will not rent or sell your information to third parties outside Instagram (or the group of companies of which Instagram is a part) without your consent, except as noted in this Policy.",
Twitch,Unspecified,"We share such information as described below: We disclose such information to service providers working on our behalf,
 such as, to: provide website hosting, maintenance, and security 
services; fulfill orders; conduct data analysis and create reports; 
offer certain functionality; or assist Twitch in improving the Twitch 
Services and creating new services and features. We require that these 
parties process such information in compliance with this Privacy Notice,
 we authorize them to use the information only for the purposes for 
which it is provided to them, and we require them to use reasonable 
confidentiality measures. Twitch may make information available to our affiliates (meaning entities controlled by, controlling, or under common control with Twitch), including Amazon.com, Inc. and its subsidiaries that are either subject to this Privacy Notice or follow practices at least as protective as those described in this Privacy Notice.",,
Microsoft Online,Unspecified,We share your personal data with your consent or to complete any transaction or provide any product you have requested or authorized.,We share your personal data with your consent or to complete any transaction or provide any product you have requested or authorized. We also share data with Microsoft-controlled affiliates and subsidiaries; with vendors working on our behalf; when required by law or to respond to legal process; to protect our customers; to protect lives; to maintain the security of our products; and to protect the rights and property of Microsoft and its customers.,
Zillow,No Sale,"Zillow allows certain companies to place tracking technologies like cookies and pixels on our sites, which allow those companies to receive information about your activity on Zillow that is associated with your browser or device. The companies may use that data to serve you more relevant ads on our sites or others. Under some state laws, sharing data for online advertising like this may be considered a “sale” of information. Except for this kind of sharing, Zillow doesn’t sell any of your information.","Except for this kind of sharing, Zillow doesn’t sell any of your information.",
CNN,Unspecified,"We may disclose the Information as follows: To service providers that we have engaged to perform 
business-related functions on our behalf. This may include service 
providers that: (a) conduct research and analytics; (b) provide 
customer, technical or operational support; (c) conduct or support 
marketing (such as, email platforms); (d) fulfill orders and user 
requests; (e) handle payments; (f) host our services, (g) maintain 
databases; (h) otherwise support our Services. In response to legal process, for example, in response to a court order or a subpoena, a law enforcement or government agency's request or similar request. With third parties in order to investigate, prevent, or take action (in our sole discretion) regarding potentially illegal activities, suspected fraud, situations involving potential threats to any person, us, or the services, or violations of our policies, the law or our Terms of Use, to verify or enforce compliance with the policies governing our services. We may also share Information where it is necessary for compliance with a legal obligation to which we are subject, for example, if we are required to disclose Information to a law enforcement agency. We may transfer some or all of your Information if we, or one of our business units, undergoes a business transition, like a merger, acquisition by another company, or sale of all or part of our assets, or if a substantial portion of our or of a business unit’s assets is sold or merged in this way. We may share the Information with Turner Affiliates (as listed below), to better tailor our services to you, appropriately process your requests depending on your region or country, including, when you subscribe to our regional newsletter, order a product or service, or request further information, and for internal reporting, so they can communicate directly with you about the products and services that you require or may be of interest to you.",We may disclose the Information as follows,
Chase,Unspecified,"We may share the information we collect from and about you with our affiliates and other third parties. For example, we may share your information with: Chase third-party service providers; Chase affiliated websites and businesses in an effort to bring you improved service across our family of products and services, when permissible under relevant laws and regulations; Other companies to bring you co-branded services, products or programs; Third parties or affiliates in connection with a corporate transaction, such as a sale, consolidation or merger of Chase businesses; and",We may share the information we collect from and about you with our affiliates and other third parties,
Intuit,No Sale,No sale of personal information to third parties. We do not and will not sell personal information to third parties. We do share personal information with third parties for the business purposes described in this Statement.,We do not and will not sell personal information to third parties,
Adobe,Sale,"We will also share your personal information with other third-party data controllers. The types of third parties your information may be shared with include: our resellers and other sales and advertising partners, retailers, research organizations, advertisers, ad agencies, advertising networks and platforms, information service providers, fraud monitoring and prevention providers, publishers, and non-profit organizations (with your consent, if required). Third-party data controllers may also use Adobe products and services to collect and process your personal information. If you are using an email address that is associated with a business domain (e.g., yourname@businessname.com) to access Adobe's apps and websites, or if you were invited to use the apps and websites by a business, we may provide your personal information to that business.",We will also share your personal information with other third-party data controllers,
Apple,No Sale,"Apple may share personal data with Apple-affiliated companies, service providers who act on our behalf, our partners, developers, and publishers, or others at your direction. Further, Apple does not share personal data with third parties for their own marketing purposes.","Further, Apple does not share personal data with third parties for their own marketing purposes.",
Linkedin,Unspecified,"We will share your personal data with our affiliates to provide and develop our Services. We may combine information internally across the different Services covered by this Privacy Policy to help our Services be more relevant and useful to you and others. For example, we may personalize your feed or job recommendations based on your learning history.",We will share your personal data with our affiliates to provide and develop our Services. ,
Etzy,Sale,"Etsy may also use first party data (e.g. your prior shopping and browsing patterns on our Site), and may combine it with other data collected from you, such as your location, or publicly available information, to permit us to create targeted audiences based on your known or inferred demographic and/or interests to provide you with more relevant and useful advertising on our site, in our direct marketing channels (like email), or with our off site marketing partners, like Google and Facebook, subject to their terms and privacy notice you agreed to with such partners .","Etsy may also use first party data (e.g. your prior shopping and browsing patterns on our Site), and may combine it with other data collected from you, such as your location, or publicly available information, to permit us to create targeted audiences based on your known or inferred demographic and/or interests to provide you with more relevant and useful advertising on our site",
Walmart,No Sale,"We are careful to share your personal information in ways that respect your privacy and only as described in this Policy. We view you as a valued customer, not a product, and we do not sell or rent your personal information to others for money. All of the categories of personal information that we collect have been shared with other companies, including those within our corporate family, for a business purpose. We may share your personal information in the following circumstances:",We do not sell or rent your personal information to others for money.,
Dropbox,No Sale,"We may share information as discussed below, but we won’t sell it to advertisers or other third parties. 
    Others working for and with Dropbox. Dropbox uses certain trusted third parties (for
    example, providers of customer support and IT services) for the business purposes of helping us
    provide, improve, protect, and promote our Services. These third parties will access your
    information to perform tasks on our behalf, and we’ll remain responsible for their
    handling of your information per our instructions. For a list of trusted third parties that we
    use to process your personal data and more details on the categories of personal information
    that we’ve disclosed, please see our
    FAQ.
   Other Dropbox Companies. Dropbox shares infrastructure, systems, and technology with other Dropbox Companies to provide, improve, protect, and promote Dropbox Company Services. We process your information across the Dropbox Companies for these purposes, as permitted by applicable law and in accordance with their terms and policies. For more information on Dropbox Companies, Dropbox Company Services, and how your data is used, please see our FAQ.  Other users. Our Services display information like your name, profile picture, device, email address, and usage information to other users you collaborate or choose to share with. When you register your Dropbox account with an email address on a domain owned by your employer or organization, we may help collaborators and administrators find you and your team by making some of your basic information—like your name, team name, profile picture, and email address—visible to other users on the same domain. This helps you sync up with teams you can join and helps other users share files and folders with you. ","We may share information as discussed below, but we won’t sell it to advertisers or other third parties.",
New York Times,No Sale,"There are situations when we share your information with third parties beyond our service providers. We never share your email address with these third parties without your consent, except in encrypted form to engage in the matched ads process described above.",There are situations when we share your information with third parties beyond our service providers,
ESPN,No Sale,"We will not share your personal information with a third party outside The Walt Disney Family of Companies except in limited circumstances, including: When you allow us to share your personal information with another 
company, by electing to share your personal information with carefully 
selected companies so that they can send you offers and promotions about
 their products and services; When you direct us to share your personal information with another company to fulfill your request, such as:

    When you book travel packages with us that include goods or services provided by third-party partners, such as airlines, ground transportation providers, third-party hotels, and travel insurance providers; and
    When you book dining reservations through us for restaurants operated by third parties. else who accesses Twitter through a third-party service, keep in mind that the information may be shared with the third-party service",We will not share your personal information with a third party outside The Walt Disney Family of Companies except in limited circumstances,
Twitter,Unspecified,"We share or disclose your personal data with your consent or at your direction, such as when you authorize a third-party web client or application to access your account or when you direct us to share your feedback with a business. If you’ve shared information like Direct Messages or protected Tweets with someone else who accesses Twitter through a third-party service, keep in mind that the information may be shared with the third-party service","We share or disclose your personal data with your consent or at your direction, such as when you authorize a third-party web client or application to access your account or when you direct us to share your feedback with a business.",